Metrica Logistic Regression,Mean,SE,Worst
accuracy,0.9385964912280702,0.7982456140350878,0.9824561403508771
precision,0.9347826086956522,0.7727272727272727,0.9787234042553191
recall,0.9148936170212766,0.723404255319149,0.9787234042553191
f1,0.9247311827956989,0.7472527472527473,0.9787234042553191
roc_auc,0.9876151159098127,0.9279136233724992,0.9996824388694824
